Applicant Name,Funding Band,Funding Source (GIA or LOT),Funding Source Description,Funding Band Description,Portfolio funded in 2015-18?,Bridge Organisation,Technical Uplift,Technical Reduction,Museum Development
1927,1,LOT,National Lottery,Band 1,False,False,False,False,False
2 Faced Dance Company Limited,1,LOT,National Lottery,Band 1,True,False,False,False,False
20 Stories High,1,GIA,Grant in Aid,Band 1,True,False,False,False,False
A New Direction London Limited,SSO,LOT,National Lottery,Sector Support Organisation,True,True,False,False,False
A Space Arts,1,GIA,Grant in Aid,Band 1,False,False,False,False,False
AA2A Limited,SSO,GIA,Grant in Aid,Sector Support Organisation,False,False,False,False,False
Abandon Normal Devices,1,GIA,Grant in Aid,Band 1,True,False,False,False,False
Academy of Circus Arts and Physical Theatre t/a Circomedia,1,GIA,Grant in Aid,Band 1,True,False,False,False,False
Access All Areas,1,GIA,Grant in Aid,Band 1,False,False,False,False,False
ACE Dance and music,2,GIA,Grant in Aid,Band 2,True,False,False,False,False
acta community theatre ltd,1,GIA,Grant in Aid,Band 1,True,False,False,False,False
Action Hero,1,LOT,National Lottery,Band 1,False,False,False,False,False
Action Space London Events,1,GIA,Grant in Aid,Band 1,True,False,False,False,False
Action Transport Theatre,1,GIA,Grant in Aid,Band 1,True,False,False,False,False
Activate Performing Arts Ltd,2,GIA,Grant in Aid,Band 2,True,False,True,False,False
Actors Touring Company,1,LOT,National Lottery,Band 1,True,False,False,False,False
Africa Oye Limited,1,GIA,Grant in Aid,Band 1,True,False,False,False,False
AIR in G (Arts in Rural Gloucestershire) Ltd,1,GIA,Grant in Aid,Band 1,True,False,False,False,False
Akademi,1,GIA,Grant in Aid,Band 1,True,False,False,False,False
Akram Khan Dance Company,2,LOT,National Lottery,Band 2,True,False,False,False,False
Albatross Arts Project,1,LOT,National Lottery,Band 1,True,False,False,False,False
Almeida Theatre Company Limited,2,GIA,Grant in Aid,Band 2,True,False,False,False,False
Amber Film & Photography Collective,1,GIA,Grant in Aid,Band 1,False,False,False,False,False
a-n The Artists Information Company,SSO,GIA,Grant in Aid,Sector Support Organisation,True,False,False,False,False
And Other Stories Publishing CIC,1,GIA,Grant in Aid,Band 1,True,False,False,False,False
Applause Rural Touring,1,LOT,National Lottery,Band 1,False,False,False,False,False
Apples and Snakes,2,GIA,Grant in Aid,Band 2,True,False,False,False,False
Arcola Theatre Production Company,2,GIA,Grant in Aid,Band 2,True,False,False,False,False
Arena Theatre (University of Wolverhampton),1,GIA,Grant in Aid,Band 1,True,False,False,False,False
Art Asia Trust Limited,1,GIA,Grant in Aid,Band 1,True,False,False,False,False
Art Gene Limited,1,GIA,Grant in Aid,Band 1,False,False,False,False,False
Art Monthly,1,GIA,Grant in Aid,Band 1,True,False,False,False,False
Art Services Grants Ltd,1,GIA,Grant in Aid,Band 1,True,False,False,False,False
Artcore,1,GIA,Grant in Aid,Band 1,False,False,False,False,False
Artichoke Trust,2,GIA,Grant in Aid,Band 2,True,False,False,False,False
Artlink Hull,1,GIA,Grant in Aid,Band 1,True,False,False,False,False
Artlink West Yorkshire,1,GIA,Grant in Aid,Band 1,True,False,False,False,False
ArtReach (Trust) Ltd,2,GIA,Grant in Aid,Band 2,False,False,False,False,False
Arts & Health South West,1,GIA,Grant in Aid,Band 1,True,False,False,False,False
Arts & Health South West,SSO,GIA,Grant in Aid,Sector Support Organisation,False,False,False,False,False
Arts & Heritage (PHC) Plymouth City Council,3,GIA,Grant in Aid,Band 3,False,False,False,False,False
Arts Alive,1,LOT,National Lottery,Band 1,True,False,False,False,False
Arts Catalyst,1,LOT,National Lottery,Band 1,True,False,False,False,False
Arts Connect (University of Wolverhampton),SSO,LOT,National Lottery,Sector Support Organisation,True,True,False,False,False
Arts Marketing Association,SSO,GIA,Grant in Aid,Sector Support Organisation,False,False,False,False,False
Arts&Heritage,SSO,GIA,Grant in Aid,Sector Support Organisation,False,False,False,False,False
Artsadmin,2,GIA,Grant in Aid,Band 2,True,False,False,False,False
Artsreach,1,LOT,National Lottery,Band 1,True,False,False,False,False
Artswork,SSO,LOT,National Lottery,Sector Support Organisation,True,True,False,False,False
Artworks Creative Communities,1,GIA,Grant in Aid,Band 1,True,False,False,False,False
Arvon Foundation,2,GIA,Grant in Aid,Band 2,True,False,False,False,False
Asian Arts Agency,2,LOT,National Lottery,Band 2,True,False,False,False,False
Aspex Visual Arts Trust,1,GIA,Grant in Aid,Band 1,True,False,False,False,False
Association for Cultural Enterprises,SSO,GIA,Grant in Aid,Sector Support Organisation,False,False,False,False,False
Association of Independent Museums,SSO,GIA,Grant in Aid,Sector Support Organisation,False,False,False,False,False
Attitude is Everything,SSO,GIA,Grant in Aid,Sector Support Organisation,True,False,False,False,False
Aurora Orchestra,1,GIA,Grant in Aid,Band 1,True,False,False,False,False
Auto Italia,1,GIA,Grant in Aid,Band 1,True,False,False,False,False
Autograph ABP,2,GIA,Grant in Aid,Band 2,True,False,False,False,False
Avant Garde Dance Company,1,LOT,National Lottery,Band 1,False,False,False,False,False
B3 Media Limited,1,GIA,Grant in Aid,Band 1,True,False,False,False,False
Baby People,1,GIA,Grant in Aid,Band 1,True,False,False,False,False
Backlit,1,GIA,Grant in Aid,Band 1,False,False,False,False,False
Balbir Singh Dance Company,1,LOT,National Lottery,Band 1,True,False,False,False,False
Ballet Black,1,LOT,National Lottery,Band 1,False,False,False,False,False
Ballet Lorent Limited,2,LOT,National Lottery,Band 2,True,False,False,False,False
BalletBoyz Ltd,2,GIA,Grant in Aid,Band 2,True,False,False,False,False
Baltic Flour Mills Visual Arts Trust,3,GIA,Grant in Aid,Band 3,True,False,False,False,False
Bamboozle Theatre Company,1,LOT,National Lottery,Band 1,False,False,False,False,False
Barbican Centre,2,GIA,Grant in Aid,Band 2,True,False,False,False,False
"Barbican Theatre, Plymouth",1,GIA,Grant in Aid,Band 1,True,False,False,False,False
Barnsley Civic Enterprise Ltd,1,GIA,Grant in Aid,Band 1,True,False,False,False,False
Barnsley Museums,2,GIA,Grant in Aid,Band 2,False,False,False,False,False
Battersea Arts Centre,2,GIA,Grant in Aid,Band 2,True,False,False,False,False
BCB,1,GIA,Grant in Aid,Band 1,False,False,False,False,False
BE FESTIVAL CIC,1,LOT,National Lottery,Band 1,True,False,False,False,False
Beaford Arts,1,LOT,National Lottery,Band 1,True,False,False,False,False
Beamish Museum,2,GIA,Grant in Aid,Band 2,True,False,False,True,False
Beatfreeks,1,GIA,Grant in Aid,Band 1,False,False,False,False,False
Beavers Arts Ltd.,1,GIA,Grant in Aid,Band 1,False,False,False,False,False
Bedford Creative Arts,1,GIA,Grant in Aid,Band 1,True,False,False,False,False
Belgrade Theatre Trust (Coventry) Ltd,2,GIA,Grant in Aid,Band 2,True,False,False,False,False
Bermondsey Artists’ Group,1,GIA,Grant in Aid,Band 1,True,False,False,False,False
Bernard Leach Trust Limited  (Leach Pottery),1,GIA,Grant in Aid,Band 1,True,False,False,False,False
Berwick Film & Media Arts Festival,1,GIA,Grant in Aid,Band 1,True,False,False,False,False
Bharatiya Vidya Bhavan Ltd,1,GIA,Grant in Aid,Band 1,True,False,False,False,False
Eastside Projects,1,GIA,Grant in Aid,Band 1,True,False,False,False,False
Birmingham Contemporary Music Group,2,GIA,Grant in Aid,Band 2,True,False,False,False,False
Birmingham LGBT,1,GIA,Grant in Aid,Band 1,False,False,False,False,False
Birmingham Museums Trust,3,GIA,Grant in Aid,Band 3,True,False,False,False,False
Birmingham Opera Company,2,GIA,Grant in Aid,Band 2,True,False,False,False,False
Birmingham Repertory Theatre,3,GIA,Grant in Aid,Band 3,True,False,False,False,False
Birmingham Royal Ballet,3,GIA,Grant in Aid,Band 3,True,False,False,False,False
Black Bird/Red Rose Productions,1,GIA,Grant in Aid,Band 1,True,False,False,False,False
Black Country Living Museum Trust,2,GIA,Grant in Aid,Band 2,True,False,False,True,False
Black Country Touring,1,LOT,National Lottery,Band 1,True,False,False,False,False
Blackpool Grand Theatre (Arts & Entertainment) Ltd,1,GIA,Grant in Aid,Band 1,True,False,False,False,False
Blast Theory,1,LOT,National Lottery,Band 1,True,False,False,False,False
Blind Summit Education,1,GIA,Grant in Aid,Band 1,True,False,False,False,False
Bloodaxe Books Ltd,1,GIA,Grant in Aid,Band 1,True,False,False,False,False
Blue Elephant Theatre,1,GIA,Grant in Aid,Band 1,False,False,False,False,False
BOM (Birmingham Open Media),1,GIA,Grant in Aid,Band 1,False,False,False,False,False
Book Works,1,GIA,Grant in Aid,Band 1,True,False,False,False,False
Borough of Poole Museum Service,2,GIA,Grant in Aid,Band 2,False,False,False,False,False
Boundless Theatre,1,GIA,Grant in Aid,Band 1,True,False,False,False,False
Bournemouth Borough Council,1,GIA,Grant in Aid,Band 1,True,False,False,False,False
Bournemouth Symphony Orchestra,3,LOT,National Lottery,Band 3,True,False,False,False,False
Bow Arts Trust,1,GIA,Grant in Aid,Band 1,True,False,False,False,False
Boy Blue Entertainment,1,LOT,National Lottery,Band 1,False,False,False,False,False
Brass Bands England,SSO,GIA,Grant in Aid,Sector Support Organisation,True,False,False,False,False
Bridport Arts Centre,1,GIA,Grant in Aid,Band 1,True,False,False,False,False
Brighton & Hove City Council,2,GIA,Grant in Aid,Band 2,True,False,False,False,False
Brighton Dome & Festival Limited,3,GIA,Grant in Aid,Band 3,True,False,False,False,False
Bristol Cultural Development Partnership,1,GIA,Grant in Aid,Band 1,True,False,False,False,False
Bristol Museums,3,GIA,Grant in Aid,Band 3,True,False,False,False,False
Bristol Music Trust,2,GIA,Grant in Aid,Band 2,True,False,False,False,False
Bristol Old Vic and Theatre Royal Trust Ltd,3,GIA,Grant in Aid,Band 3,True,False,False,False,False
British Motor Industry Heritage Trust,1,GIA,Grant in Aid,Band 1,False,False,False,False,False
British Underground Ltd,1,GIA,Grant in Aid,Band 1,True,False,False,False,False
British Youth Opera,1,GIA,Grant in Aid,Band 1,True,False,False,False,False
Britten Sinfonia,2,GIA,Grant in Aid,Band 2,True,False,False,False,False
Brownswood Music Ltd,1,GIA,Grant in Aid,Band 1,True,False,False,False,False
b-side Multimedia Festival CIC,1,GIA,Grant in Aid,Band 1,True,False,False,False,False
Bucks County Museum,1,GIA,Grant in Aid,Band 1,False,False,False,False,False
Bureau of Silly Ideas,1,GIA,Grant in Aid,Band 1,True,False,False,False,False
Burnley Youth Theatre,1,GIA,Grant in Aid,Band 1,True,False,False,False,False
Burton Art Gallery and Museum,1,GIA,Grant in Aid,Band 1,False,False,False,False,False
Buxton Arts Festival Ltd,1,GIA,Grant in Aid,Band 1,True,False,False,False,False
Camden Arts Centre,2,GIA,Grant in Aid,Band 2,True,False,False,False,False
Camden People's Theatre,1,GIA,Grant in Aid,Band 1,True,False,False,False,False
Candoco Dance Company,2,LOT,National Lottery,Band 2,True,False,False,False,False
CapeUK,SSO,LOT,National Lottery,Sector Support Organisation,True,True,False,False,False
Capsule Events Ltd,1,GIA,Grant in Aid,Band 1,False,False,False,False,False
Carcanet Press Limited,1,GIA,Grant in Aid,Band 1,True,False,False,False,False
Cardboard Citizens,1,LOT,National Lottery,Band 1,True,False,False,False,False
Carnival Village Trust,2,GIA,Grant in Aid,Band 2,True,False,False,False,False
Carousel Project,1,GIA,Grant in Aid,Band 1,True,False,False,False,False
Cast,2,GIA,Grant in Aid,Band 2,True,False,False,False,False
Castlefield Gallery,1,GIA,Grant in Aid,Band 1,True,False,False,False,False
Cause4,SSO,GIA,Grant in Aid,Sector Support Organisation,False,False,False,False,False
Centre for Chinese Contemporary Art,2,GIA,Grant in Aid,Band 2,True,False,False,False,False
Chapel Arts Studios,1,LOT,National Lottery,Band 1,False,False,False,False,False
Charnwood Arts,1,GIA,Grant in Aid,Band 1,True,False,False,False,False
Chatham Historic Dockyard Trust,1,GIA,Grant in Aid,Band 1,False,False,False,False,False
Cheek by Jowl,1,LOT,National Lottery,Band 1,True,False,False,False,False
Cheltenham Festivals,1,GIA,Grant in Aid,Band 1,True,False,False,False,False
Cheshire Dance,1,GIA,Grant in Aid,Band 1,True,False,False,False,False
Cheshire West and Chester Council,1,LOT,National Lottery,Band 1,True,False,False,False,False
Chester Performing Arts Centre Ltd,1,GIA,Grant in Aid,Band 1,True,False,False,False,False
Chichester Festival Theatre,3,GIA,Grant in Aid,Band 3,True,False,False,False,False
Children's Discovery Centre East London,1,GIA,Grant in Aid,Band 1,True,False,False,False,False
China Plate,1,GIA,Grant in Aid,Band 1,False,False,False,False,False
Chinese Arts Space,1,GIA,Grant in Aid,Band 1,False,False,False,False,False
Chisenhale Gallery,1,GIA,Grant in Aid,Band 1,True,False,False,False,False
Chris Goode and Company,1,GIA,Grant in Aid,Band 1,False,False,False,False,False
Christ Church Oxford United Clubs Ltd,2,GIA,Grant in Aid,Band 2,True,False,False,False,False
Chrysalis Arts Development Ltd,1,GIA,Grant in Aid,Band 1,True,False,False,False,False
Cinderford Artspace,1,GIA,Grant in Aid,Band 1,True,False,False,False,False
City Arts Nottingham,1,GIA,Grant in Aid,Band 1,True,False,False,False,False
City of Birmingham Symphony orchestra,3,LOT,National Lottery,Band 3,True,False,False,False,False
Clean Break Theatre Company Ltd,1,LOT,National Lottery,Band 1,True,False,False,False,False
Clod Ensemble,1,GIA,Grant in Aid,Band 1,True,False,False,False,False
Cohesion Plus Kent,1,GIA,Grant in Aid,Band 1,False,False,False,False,False
Colchester Arts Centre,1,GIA,Grant in Aid,Band 1,True,False,False,False,False
Colchester Borough Council,1,GIA,Grant in Aid,Band 1,False,False,False,False,False
Colchester Mercury Theatre Ltd.,2,GIA,Grant in Aid,Band 2,True,False,False,False,False
Collar and TIE Ltd,1,GIA,Grant in Aid,Band 1,True,False,False,False,False
Collections Trust,SSO,GIA,Grant in Aid,Sector Support Organisation,False,False,False,False,False
Collective Encounters,1,GIA,Grant in Aid,Band 1,True,False,False,False,False
Comma Press,1,GIA,Grant in Aid,Band 1,True,False,False,False,False
Common Wealth,1,LOT,National Lottery,Band 1,False,False,False,False,False
Commonword Enterprises Limited,1,GIA,Grant in Aid,Band 1,True,False,False,False,False
Community and Cultural Services,1,GIA,Grant in Aid,Band 1,False,False,False,False,False
Community Arts North West,1,GIA,Grant in Aid,Band 1,True,False,False,False,False
Community Music Ltd,1,GIA,Grant in Aid,Band 1,True,False,False,False,False
Company Chameleon,1,LOT,National Lottery,Band 1,True,False,False,False,False
Compton Verney House Trust,1,GIA,Grant in Aid,Band 1,False,False,False,False,False
Coney Ltd,1,GIA,Grant in Aid,Band 1,True,False,False,False,False
Contemporary Art Society,1,GIA,Grant in Aid,Band 1,True,False,False,False,False
Contemporary Dance Trust,3,GIA,Grant in Aid,Band 3,True,False,False,False,False
Continental Drifts,1,GIA,Grant in Aid,Band 1,True,False,False,False,False
Corali,1,GIA,Grant in Aid,Band 1,False,False,False,False,False
Corby Cube Theatre Trust,1,GIA,Grant in Aid,Band 1,True,False,False,False,False
Corn Exchange (Newbury) Trust,1,GIA,Grant in Aid,Band 1,True,False,False,False,False
Cornwall Museums Partnership,2,GIA,Grant in Aid,Band 2,True,False,False,False,False
Counterpoints Arts,1,GIA,Grant in Aid,Band 1,True,False,False,False,False
Crafts Council,3,LOT,National Lottery,Band 3,True,False,False,False,False
Craftspace,1,GIA,Grant in Aid,Band 1,True,False,False,False,False
Create Gloucestershire,SSO,GIA,Grant in Aid,Sector Support Organisation,False,False,False,False,False
Create London,1,GIA,Grant in Aid,Band 1,True,False,False,False,False
Create Studios Digital Media CIC,1,GIA,Grant in Aid,Band 1,False,False,False,False,False
Creative & Cultural Skills,SSO,GIA,Grant in Aid,Sector Support Organisation,True,False,False,False,False
Creative Arts East,1,LOT,National Lottery,Band 1,True,False,False,False,False
Creative Foundation,2,GIA,Grant in Aid,Band 2,False,False,False,False,False
Creative Kernow Ltd,1,LOT,National Lottery,Band 1,True,False,False,False,False
Creative Sector Services CIC,SSO,GIA,Grant in Aid,Sector Support Organisation,False,False,False,False,False
Creative Skillset,SSO,GIA,Grant in Aid,Sector Support Organisation,False,False,False,False,False
Creativity Works,1,GIA,Grant in Aid,Band 1,True,False,False,False,False
Crescent Arts,1,GIA,Grant in Aid,Band 1,True,False,False,False,False
Crying Out Loud,1,LOT,National Lottery,Band 1,True,False,False,False,False
Cubitt Artists Limited,1,GIA,Grant in Aid,Band 1,True,False,False,False,False
Culture Coventry,2,GIA,Grant in Aid,Band 2,False,False,False,False,False
Culture Squared CIC,2,GIA,Grant in Aid,Band 2,False,False,False,False,False
"Culture, Learning and Libraries (Midlands) - Library Service",1,GIA,Grant in Aid,Band 1,False,False,False,False,False
Culture24,SSO,GIA,Grant in Aid,Sector Support Organisation,False,False,False,False,False
CultureMix Arts Ltd,1,GIA,Grant in Aid,Band 1,False,False,False,False,False
Cumbria Theatre Trust,2,GIA,Grant in Aid,Band 2,True,False,False,False,False
curious directive,1,LOT,National Lottery,Band 1,False,False,False,False,False
Curious Minds,SSO,LOT,National Lottery,Sector Support Organisation,True,True,False,False,False
DaDaFest,1,GIA,Grant in Aid,Band 1,True,False,False,False,False
Daily Life Ltd,1,LOT,National Lottery,Band 1,True,False,False,False,False
Dance City,2,GIA,Grant in Aid,Band 2,True,False,False,False,False
Dance Consortium,2,LOT,National Lottery,Band 2,True,False,False,False,False
Dance Umbrella,2,GIA,Grant in Aid,Band 2,True,False,False,False,False
Dance United Yorkshire,1,GIA,Grant in Aid,Band 1,True,False,False,False,False
Dance4,2,GIA,Grant in Aid,Band 2,True,False,False,False,False
DanceEast,2,GIA,Grant in Aid,Band 2,True,False,False,False,False
Dancefest,1,GIA,Grant in Aid,Band 1,True,False,False,False,False
Darbar Arts Culture Heritage Trust,1,GIA,Grant in Aid,Band 1,True,False,False,False,False
darts (Doncaster Community Arts),1,GIA,Grant in Aid,Band 1,True,False,False,False,False
Dash Arts Ltd,1,GIA,Grant in Aid,Band 1,True,False,False,False,False
De La Warr Pavilion,2,GIA,Grant in Aid,Band 2,True,False,False,False,False
Deafinitely Theatre,1,GIA,Grant in Aid,Band 1,True,False,False,False,False
Déda,2,GIA,Grant in Aid,Band 2,True,False,False,False,False
Dedalus Limited,1,GIA,Grant in Aid,Band 1,True,False,False,False,False
Derby Museums,2,GIA,Grant in Aid,Band 2,True,False,False,True,False
Derby QUAD Ltd,2,GIA,Grant in Aid,Band 2,True,False,False,False,False
Design Museum,1,GIA,Grant in Aid,Band 1,True,False,False,False,False
Disability Arts in Shropshire,1,GIA,Grant in Aid,Band 1,True,False,False,False,False
Disability Arts Online,1,GIA,Grant in Aid,Band 1,False,False,False,False,False
Diverse City,2,LOT,National Lottery,Band 2,False,False,False,False,False
Doncaster Heritage Services,1,LOT,National Lottery,Band 1,False,False,False,False,False
Donmar Warehouse Projects Ltd,2,GIA,Grant in Aid,Band 2,True,False,False,False,False
Doorstep Arts,1,LOT,National Lottery,Band 1,False,False,False,False,False
Drake Music,1,GIA,Grant in Aid,Band 1,True,False,False,False,False
Drawing Room,1,GIA,Grant in Aid,Band 1,True,False,False,False,False
dreamthinkspeak,1,GIA,Grant in Aid,Band 1,True,False,False,False,False
Duckie,1,GIA,Grant in Aid,Band 1,True,False,False,False,False
Durham County Council,2,GIA,Grant in Aid,Band 2,True,False,False,False,False
East London Dance,1,GIA,Grant in Aid,Band 1,True,False,False,False,False
East Midlands Jazz CIC,1,GIA,Grant in Aid,Band 1,True,False,False,False,False
East Street Arts,1,GIA,Grant in Aid,Band 1,True,False,False,True,False
East Street Arts,SSO,GIA,Grant in Aid,Sector Support Organisation,False,False,False,False,False
Eastern Angles Theatre Company Ltd,1,LOT,National Lottery,Band 1,True,False,False,False,False
Eastside Educational Trust,1,GIA,Grant in Aid,Band 1,True,False,False,False,False
Eclipse Theatre Company Ltd,1,LOT,National Lottery,Band 1,True,False,False,False,False
Eden Arts,1,GIA,Grant in Aid,Band 1,True,False,False,False,False
emccan CIC,1,GIA,Grant in Aid,Band 1,True,False,False,False,False
Emergency Exit Arts,1,GIA,Grant in Aid,Band 1,True,False,False,False,False
English Folk Dance and Song Society,2,GIA,Grant in Aid,Band 2,True,False,False,False,False
English Folk Expo,SSO,GIA,Grant in Aid,Sector Support Organisation,False,False,False,False,False
English National Ballet,3,LOT,National Lottery,Band 3,True,False,False,False,False
English National Opera,3,GIA,Grant in Aid,Band 3,True,False,False,False,False
English PEN,1,GIA,Grant in Aid,Band 1,True,False,False,False,False
English Stage Company Limited,3,GIA,Grant in Aid,Band 3,True,False,False,False,False
English Touring Opera Ltd,3,LOT,National Lottery,Band 3,True,False,False,False,False
English Touring Theatre Ltd,2,LOT,National Lottery,Band 2,True,False,False,False,False
Entelechy Arts Ltd,1,GIA,Grant in Aid,Band 1,True,False,False,False,False
Essex Cultural Diversity Project,1,GIA,Grant in Aid,Band 1,False,False,False,False,False
Ex Cathedra Ltd,1,GIA,Grant in Aid,Band 1,True,False,False,False,False
Exeter City Council,2,GIA,Grant in Aid,Band 2,True,False,True,True,False
Exeter Northcott Theatre,1,GIA,Grant in Aid,Band 1,True,False,False,False,False
Exeter Phoenix,1,GIA,Grant in Aid,Band 1,True,False,False,False,False
Extant,1,GIA,Grant in Aid,Band 1,True,False,False,False,False
Eye Music Trust,1,GIA,Grant in Aid,Band 1,True,False,False,False,False
Fabrica,1,GIA,Grant in Aid,Band 1,True,False,False,False,False
FACT,3,GIA,Grant in Aid,Band 3,True,False,False,False,False
Farnham Maltings Association,2,LOT,National Lottery,Band 2,True,False,False,False,False
Fevered Sleep,1,GIA,Grant in Aid,Band 1,True,False,False,False,False
FIERCE! Festival,1,GIA,Grant in Aid,Band 1,True,False,False,False,False
Film and Video Umbrella,2,LOT,National Lottery,Band 2,True,False,False,False,False
Film London,2,GIA,Grant in Aid,Band 2,True,False,False,False,False
Firstsite Ltd,2,GIA,Grant in Aid,Band 2,True,False,False,False,False
Flatpack Projects,1,GIA,Grant in Aid,Band 1,False,False,False,False,False
Focal Point Gallery,1,GIA,Grant in Aid,Band 1,True,False,False,False,False
Forced Entertainment Ltd,1,GIA,Grant in Aid,Band 1,True,False,False,False,False
Forma Arts and Media Limited,2,GIA,Grant in Aid,Band 2,True,False,False,False,False
Forward Arts Foundation,1,GIA,Grant in Aid,Band 1,True,False,False,False,False
Foundation for Community Dance t/a People Dancing,1,GIA,Grant in Aid,Band 1,True,False,False,False,False
Frantic Theatre Company Ltd,1,LOT,National Lottery,Band 1,True,False,False,False,False
Free Word,1,GIA,Grant in Aid,Band 1,True,False,False,False,False
Freedom Festival Arts Trust,1,GIA,Grant in Aid,Band 1,True,False,False,False,False
Freedom Studios,1,GIA,Grant in Aid,Band 1,True,False,False,False,False
Friction Arts,1,GIA,Grant in Aid,Band 1,False,False,False,False,False
Fuel Productions,1,GIA,Grant in Aid,Band 1,True,False,False,False,False
Furtherfield.org,1,GIA,Grant in Aid,Band 1,True,False,False,False,False
Future Everything CIC,1,GIA,Grant in Aid,Band 1,True,False,False,False,False
Gecko Theatre,1,LOT,National Lottery,Band 1,True,False,False,False,False
Gem Arts,1,GIA,Grant in Aid,Band 1,True,False,False,False,False
Generator North East,1,GIA,Grant in Aid,Band 1,True,False,False,False,False
Global Grooves,1,GIA,Grant in Aid,Band 1,False,False,False,False,False
Gloucestershire Everyman Theatre Ltd,2,GIA,Grant in Aid,Band 2,True,False,False,False,False
Glyndebourne Productions Ltd,3,GIA,Grant in Aid,Band 3,True,False,False,False,False
Goole Town Council,1,GIA,Grant in Aid,Band 1,True,False,False,False,False
Graeae Theatre Company Ltd,2,GIA,Grant in Aid,Band 2,True,False,False,False,False
Grand Union,1,GIA,Grant in Aid,Band 1,False,False,False,False,False
Great Georges Community Cultural Project Ltd,1,GIA,Grant in Aid,Band 1,True,False,False,False,False
Greater Manchester Arts Centre Ltd,3,GIA,Grant in Aid,Band 3,True,False,False,False,False
Greenwich+Docklands Festivals,1,LOT,National Lottery,Band 1,True,False,False,False,False
Grimm & Co,1,GIA,Grant in Aid,Band 1,False,False,False,False,False
Grizedale Arts,1,GIA,Grant in Aid,Band 1,True,False,False,False,False
Grundy Art Gallery,1,GIA,Grant in Aid,Band 1,True,False,False,False,False
Gulbenkian Theatre,2,GIA,Grant in Aid,Band 2,True,False,False,False,False
hÅb,1,GIA,Grant in Aid,Band 1,True,False,False,False,False
Hackney Empire Ltd,2,GIA,Grant in Aid,Band 2,True,False,False,False,False
Half Moon Young People's Theatre,1,LOT,National Lottery,Band 1,True,False,False,False,False
Halle Concerts Society,3,GIA,Grant in Aid,Band 3,True,False,False,False,False
Hampstead Theatre Ltd,2,GIA,Grant in Aid,Band 2,True,False,False,False,False
Harrogate Theatre,1,GIA,Grant in Aid,Band 1,True,False,False,False,False
Havering Theatre Trust,2,GIA,Grant in Aid,Band 2,True,False,False,False,False
Headlong Theatre Ltd,2,LOT,National Lottery,Band 2,True,False,False,False,False
Heads Together Productions Limited,1,GIA,Grant in Aid,Band 1,True,False,False,False,False
Heart n Soul,2,GIA,Grant in Aid,Band 2,True,False,False,False,False
Heart of Glass,2,GIA,Grant in Aid,Band 2,False,False,False,False,False
Helix Arts Ltd,1,GIA,Grant in Aid,Band 1,True,False,False,False,False
Higher Rhythm Ltd,1,GIA,Grant in Aid,Band 1,True,False,False,False,False
Highlights Productions,1,LOT,National Lottery,Band 1,True,False,False,False,False
HighTide Festival Productions LTD,1,LOT,National Lottery,Band 1,True,False,False,False,False
Hofesh Shechter Company,2,LOT,National Lottery,Band 2,True,False,False,False,False
Home Live Art,1,GIA,Grant in Aid,Band 1,True,False,False,False,False
Homotopia Limited,1,GIA,Grant in Aid,Band 1,True,False,False,False,False
Hoot Creative Arts,1,GIA,Grant in Aid,Band 1,True,False,False,False,False
Horniman Museum and Gardens,2,GIA,Grant in Aid,Band 2,True,False,False,False,False
Hounslow Arts Trust Ltd,1,GIA,Grant in Aid,Band 1,True,False,False,False,False
Huddersfield Contemporary Music Festival,1,GIA,Grant in Aid,Band 1,True,False,False,False,False
Hull City Council,2,GIA,Grant in Aid,Band 2,True,False,False,False,False
Hull Truck Theatre,2,LOT,National Lottery,Band 2,True,False,False,False,False
Ikon Gallery,3,GIA,Grant in Aid,Band 3,True,False,False,False,False
Ilkley Literature Festival Ltd,1,GIA,Grant in Aid,Band 1,True,False,False,False,False
ILUVLIVE,1,GIA,Grant in Aid,Band 1,True,False,False,False,False
imitating the dog,1,GIA,Grant in Aid,Band 1,False,False,False,False,False
Impressions Gallery of Photography Limited,1,GIA,Grant in Aid,Band 1,True,False,False,False,False
Improbable,1,GIA,Grant in Aid,Band 1,True,False,False,False,False
In Between Time,1,GIA,Grant in Aid,Band 1,True,False,False,False,False
Index on Censorship,SSO,GIA,Grant in Aid,Sector Support Organisation,True,False,False,False,False
Inner City Music Ltd,1,GIA,Grant in Aid,Band 1,True,False,False,False,False
Inpress Ltd,SSO,GIA,Grant in Aid,Sector Support Organisation,True,False,False,False,False
In-Situ,1,GIA,Grant in Aid,Band 1,False,False,False,False,False
Institute of Contemporary Arts,2,LOT,National Lottery,Band 2,True,False,False,False,False
Institute of Fundraising,SSO,GIA,Grant in Aid,Sector Support Organisation,False,False,False,False,False
Institute of International Visual Arts,1,GIA,Grant in Aid,Band 1,True,False,False,False,False
International Curators Forum,1,GIA,Grant in Aid,Band 1,False,False,False,False,False
Interplay Theatre Trust,1,GIA,Grant in Aid,Band 1,True,False,False,False,False
Intoart,1,GIA,Grant in Aid,Band 1,True,False,False,False,False
Invisible Dust,1,GIA,Grant in Aid,Band 1,False,False,False,False,False
Invisible Flock Co,1,GIA,Grant in Aid,Band 1,False,False,False,False,False
IOU Ltd,1,LOT,National Lottery,Band 1,True,False,False,False,False
Ironbridge Gorge Museum Trust,2,GIA,Grant in Aid,Band 2,True,False,False,False,False
Ironbridge Gorge Museum Trust,SSO,GIA,Grant in Aid,Sector Support Organisation,True,False,True,False,True
ISAN,SSO,GIA,Grant in Aid,Sector Support Organisation,True,False,False,False,False
Jacksons Lane,1,GIA,Grant in Aid,Band 1,True,False,False,False,False
Jasmin Vardimon Dance Company,2,GIA,Grant in Aid,Band 2,True,False,False,False,False
Jazz North,SSO,GIA,Grant in Aid,Sector Support Organisation,True,False,False,False,False
Jazz re:freshed,1,GIA,Grant in Aid,Band 1,True,False,False,False,False
Jerwood Gallery,1,GIA,Grant in Aid,Band 1,False,False,False,False,False
Jewish Museum London,1,GIA,Grant in Aid,Band 1,False,False,False,False,False
J-Night,1,GIA,Grant in Aid,Band 1,True,False,False,False,False
John Hansard Gallery,2,GIA,Grant in Aid,Band 2,True,False,False,False,False
Junction Arts Limited,1,GIA,Grant in Aid,Band 1,True,False,False,False,False
Junction CDC Ltd,2,GIA,Grant in Aid,Band 2,True,False,False,False,False
Kala Sangam - The Academy of South Asian Performing Arts,1,GIA,Grant in Aid,Band 1,True,False,False,False,False
Kaleider Limited,1,LOT,National Lottery,Band 1,True,False,False,False,False
Kali Theatre Co.,1,LOT,National Lottery,Band 1,True,False,False,False,False
KARST,1,GIA,Grant in Aid,Band 1,False,False,False,False,False
Kendal Brewery Arts Centre,2,GIA,Grant in Aid,Band 2,True,False,False,False,False
Kettle's Yard,2,GIA,Grant in Aid,Band 2,True,False,True,False,False
Kids in Museums,SSO,GIA,Grant in Aid,Sector Support Organisation,False,False,False,False,False
Kinetika Bloco,1,GIA,Grant in Aid,Band 1,False,False,False,False,False
Kinetika People,1,GIA,Grant in Aid,Band 1,True,False,False,False,False
Kirklees Theatre Trust,1,GIA,Grant in Aid,Band 1,True,False,False,False,False
Kneehigh Theatre Trust,2,LOT,National Lottery,Band 2,True,False,False,False,False
Knowle West Media Centre,1,GIA,Grant in Aid,Band 1,True,False,False,False,False
Koestler Trust,1,GIA,Grant in Aid,Band 1,True,False,False,False,False
Lakes Arts Festivals Ltd,1,GIA,Grant in Aid,Band 1,False,False,False,False,False
Lancaster Arts at Lancaster University,1,GIA,Grant in Aid,Band 1,True,False,False,False,False
Lapworth Museum of Geology,1,GIA,Grant in Aid,Band 1,False,False,False,False,False
Ledbury Poetry Festival,1,GIA,Grant in Aid,Band 1,True,False,False,False,False
Leeds Museums and Galleries,3,GIA,Grant in Aid,Band 3,True,False,False,False,False
Leeds Theatre Trust Limited,3,GIA,Grant in Aid,Band 3,True,False,False,False,False
Leicester Arts Centre Limited,1,GIA,Grant in Aid,Band 1,True,False,False,False,False
Leicester City Council,2,GIA,Grant in Aid,Band 2,False,False,False,False,False
Leicester Dance Theatre Limited,2,LOT,National Lottery,Band 2,False,False,False,False,False
Leicester Print Workshop,1,GIA,Grant in Aid,Band 1,True,False,False,False,False
Leicester Theatre Trust Ltd,3,GIA,Grant in Aid,Band 3,True,False,False,False,False
Leicestershire County Council,SSO,GIA,Grant in Aid,Sector Support Organisation,True,False,False,False,True
Level Centre Ltd,1,GIA,Grant in Aid,Band 1,True,False,False,False,False
Libraries Unlimited South West,1,GIA,Grant in Aid,Band 1,False,False,False,False,False
Lighthouse Arts and Training Ltd,1,GIA,Grant in Aid,Band 1,True,False,False,False,False
Lincoln Arts Trust Limited,1,GIA,Grant in Aid,Band 1,True,False,False,False,False
Lincolnshire County Council,1,GIA,Grant in Aid,Band 1,True,False,False,False,False
Literature Works,1,GIA,Grant in Aid,Band 1,True,False,False,False,False
Littleworld Ltd t/a Horse and Bamboo Theatre,1,GIA,Grant in Aid,Band 1,True,False,False,False,False
Live & Local Ltd,2,LOT,National Lottery,Band 2,True,False,False,False,False
Live Art Development Agency,1,GIA,Grant in Aid,Band 1,True,False,False,False,False
Live Theatre Winchester Trust,1,GIA,Grant in Aid,Band 1,True,False,False,False,False
Liverpool & Merseyside Theatres Trust Ltd,3,GIA,Grant in Aid,Band 3,True,False,False,False,False
Liverpool Arab Arts Festival,1,GIA,Grant in Aid,Band 1,True,False,False,False,False
Liverpool Biennial of Contemporary Art Ltd,2,GIA,Grant in Aid,Band 2,True,False,False,False,False
Liverpool City Council Culture Liverpool,2,GIA,Grant in Aid,Band 2,False,False,False,False,False
London Arts in Health Forum,1,GIA,Grant in Aid,Band 1,True,False,False,False,False
London Borough of Barking and Dagenham,1,GIA,Grant in Aid,Band 1,False,False,False,False,False
London Borough of Waltham Forest - WILLIAM MORRIS GALLERY,1,GIA,Grant in Aid,Band 1,True,False,False,False,False
London International Festival of Theatre,2,GIA,Grant in Aid,Band 2,True,False,False,False,False
London International Mime Festival,1,GIA,Grant in Aid,Band 1,True,False,False,False,False
London Philharmonic Orchestra,3,GIA,Grant in Aid,Band 3,True,False,False,False,False
London Print Studio Ltd,1,GIA,Grant in Aid,Band 1,True,False,False,False,False
London Symphony Orchestra,3,GIA,Grant in Aid,Band 3,True,False,False,False,False
London Transport Museum,1,GIA,Grant in Aid,Band 1,False,False,False,False,False
Loud In Libraries CIC,1,GIA,Grant in Aid,Band 1,False,False,False,False,False
Ludus Dance,1,GIA,Grant in Aid,Band 1,True,False,False,False,False
Luton Carnival Arts Development Trust,1,GIA,Grant in Aid,Band 1,False,False,False,False,False
Luton Cultural Services Trust,1,GIA,Grant in Aid,Band 1,False,False,False,False,False
LUX,1,GIA,Grant in Aid,Band 1,True,False,False,False,False
M6 THEATRE COMPANY LIMITED,1,LOT,National Lottery,Band 1,True,False,False,False,False
Magna Vitae,1,LOT,National Lottery,Band 1,True,False,False,False,False
Mahogany Community Ventures Limited,1,GIA,Grant in Aid,Band 1,True,False,False,False,False
Manchester Camerata Limited,1,GIA,Grant in Aid,Band 1,True,False,False,False,False
Manchester City Galleries,SSO,GIA,Grant in Aid,Sector Support Organisation,True,False,False,False,True
Manchester City Galleries,3,GIA,Grant in Aid,Band 3,True,False,False,False,False
Manchester Craft And Design,1,GIA,Grant in Aid,Band 1,True,False,False,False,False
Manchester Jazz Festival,1,GIA,Grant in Aid,Band 1,True,False,False,False,False
Manchester Jewish Museum,1,GIA,Grant in Aid,Band 1,False,False,False,False,False
Manchester Literature Festival,1,GIA,Grant in Aid,Band 1,True,False,False,False,False
Manchester Young People's Theatre trading as Contact,2,GIA,Grant in Aid,Band 2,True,False,False,False,False
Mandinga Arts,1,LOT,National Lottery,Band 1,True,False,False,False,False
Matt's Gallery Ltd,1,GIA,Grant in Aid,Band 1,True,False,False,False,False
MAYK Theatre CIC,1,GIA,Grant in Aid,Band 1,True,False,False,False,False
Meadow Arts,1,GIA,Grant in Aid,Band 1,True,False,False,False,False
Mercury Musical Developments,SSO,GIA,Grant in Aid,Sector Support Organisation,True,False,False,False,False
Metal Culture Ltd,2,GIA,Grant in Aid,Band 2,True,False,False,False,False
Metro-Boulot-Dodo Limited,1,LOT,National Lottery,Band 1,False,False,False,False,False
MeWe Foundation,SSO,GIA,Grant in Aid,Sector Support Organisation,False,False,False,False,False
Middle Child,1,LOT,National Lottery,Band 1,False,False,False,False,False
Middlesbrough Town Hall,1,GIA,Grant in Aid,Band 1,False,False,False,False,False
Midlands Arts Centre,2,GIA,Grant in Aid,Band 2,True,False,False,False,False
MIF,3,GIA,Grant in Aid,Band 3,True,False,False,False,False
Mikron Theatre Company,1,LOT,National Lottery,Band 1,False,False,False,False,False
Milap Festival Trust,2,GIA,Grant in Aid,Band 2,True,False,False,True,False
Milton Keynes Arts Centre LTD,1,GIA,Grant in Aid,Band 1,False,False,False,False,False
Mimbre,1,LOT,National Lottery,Band 1,True,False,False,False,False
Mind the Gap,1,LOT,National Lottery,Band 1,True,False,False,False,False
Miracle Theatre Trust Ltd,1,LOT,National Lottery,Band 1,True,False,False,False,False
MK Gallery,2,GIA,Grant in Aid,Band 2,True,False,False,False,False
Modern Art Oxford,2,GIA,Grant in Aid,Band 2,True,False,False,False,False
Modern Masterpieces,1,LOT,National Lottery,Band 1,True,False,False,False,False
Modern Poetry in Translation,1,GIA,Grant in Aid,Band 1,True,False,False,False,False
More Music,1,GIA,Grant in Aid,Band 1,True,False,False,False,False
Motionhouse,2,GIA,Grant in Aid,Band 2,True,False,False,False,False
Multistory,1,GIA,Grant in Aid,Band 1,True,False,False,False,False
Museum of East Anglian Life,1,GIA,Grant in Aid,Band 1,False,False,False,False,False
Museum of English Rural Life and Reading Museum Partnership,1,GIA,Grant in Aid,Band 1,False,False,False,False,False
Museum of London,SSO,GIA,Grant in Aid,Sector Support Organisation,True,False,False,False,True
Museum of London,3,GIA,Grant in Aid,Band 3,True,False,False,False,False
Music for Youth,1,GIA,Grant in Aid,Band 1,True,False,False,False,False
Music in the Round,1,GIA,Grant in Aid,Band 1,True,False,False,False,False
Musiko Musika,1,GIA,Grant in Aid,Band 1,True,False,False,False,False
Mytime Active,1,GIA,Grant in Aid,Band 1,False,False,False,False,False
National Association for Gallery Education (engage),SSO,GIA,Grant in Aid,Sector Support Organisation,True,False,False,False,False
National Centre for Circus Arts,2,GIA,Grant in Aid,Band 2,True,False,False,False,False
National Criminal Justice Arts Alliance,SSO,GIA,Grant in Aid,Sector Support Organisation,False,False,False,False,False
National Horseracing Museum,1,GIA,Grant in Aid,Band 1,False,False,False,False,False
National Justice Museum,1,GIA,Grant in Aid,Band 1,False,False,False,False,False
National Opera Studio,1,GIA,Grant in Aid,Band 1,True,False,False,False,False
National Rural Touring Forum,1,GIA,Grant in Aid,Band 1,True,False,False,False,False
National Student Drama Festival,1,GIA,Grant in Aid,Band 1,True,False,False,False,False
National Theatre,3,GIA,Grant in Aid,Band 3,True,False,False,False,False
National Youth Choirs of Great Britain,1,GIA,Grant in Aid,Band 1,True,False,False,True,False
National Youth Jazz Collective,1,GIA,Grant in Aid,Band 1,True,False,False,True,False
National Youth Jazz Orchestra,1,LOT,National Lottery,Band 1,True,False,False,False,False
National Youth Orchestra of Great Britain,1,GIA,Grant in Aid,Band 1,True,False,False,True,False
National Youth Theatre of Great Britain,2,GIA,Grant in Aid,Band 2,True,False,False,False,False
New Art Exchange Ltd,2,GIA,Grant in Aid,Band 2,True,False,False,False,False
New Contemporaries (1988) Ltd,1,LOT,National Lottery,Band 1,True,False,False,False,False
New International Encounter,1,GIA,Grant in Aid,Band 1,True,False,False,False,False
New Perspectives Theatre Company,2,LOT,National Lottery,Band 2,True,False,False,False,False
New Wolsey Theatre Company Ltd,2,GIA,Grant in Aid,Band 2,True,False,False,False,False
New Writing North,2,GIA,Grant in Aid,Band 2,True,False,True,False,False
New Writing South,1,GIA,Grant in Aid,Band 1,True,False,False,False,False
Newhampton Arts Centre,1,GIA,Grant in Aid,Band 1,False,False,False,False,False
Newlyn Art Gallery Ltd,2,GIA,Grant in Aid,Band 2,True,False,False,False,False
Nine Arches Press,1,GIA,Grant in Aid,Band 1,False,False,False,False,False
NMC Recordings Ltd.,1,GIA,Grant in Aid,Band 1,True,False,False,False,False
NN Contemporary Art,1,GIA,Grant in Aid,Band 1,False,False,False,False,False
no.w.here arts limited,1,GIA,Grant in Aid,Band 1,True,False,False,False,False
NoFit State Community Circus Ltd,1,LOT,National Lottery,Band 1,True,False,False,False,False
Norfolk and Norwich Festival Trust,SSO,LOT,National Lottery,Sector Support Organisation,True,True,False,False,False
Norfolk and Norwich Festival Trust,2,GIA,Grant in Aid,Band 2,True,False,False,False,False
Norfolk Museums Service,SSO,GIA,Grant in Aid,Sector Support Organisation,True,False,False,False,True
Norfolk Museums Service,3,GIA,Grant in Aid,Band 3,True,False,False,False,False
North East Theatre Trust Ltd,2,GIA,Grant in Aid,Band 2,True,False,False,False,False
North Kesteven District Council,1,GIA,Grant in Aid,Band 1,True,False,False,False,False
North Lincolnshire Council 20-21 Visual Arts Centre,1,GIA,Grant in Aid,Band 1,True,False,False,False,False
North Music Trust,3,GIA,Grant in Aid,Band 3,True,False,False,False,False
Northampton Theatres Trust,2,GIA,Grant in Aid,Band 2,True,False,False,False,False
Northern Ballet Limited,3,LOT,National Lottery,Band 3,True,False,False,False,False
Northern Broadsides Theatre Company,2,LOT,National Lottery,Band 2,True,False,False,False,False
Northern Print,1,GIA,Grant in Aid,Band 1,True,False,False,False,False
Northern School of Contemporary Dance,1,GIA,Grant in Aid,Band 1,False,False,False,False,False
Northern Stage (Theatrical Productions) Ltd,3,LOT,National Lottery,Band 3,True,False,False,False,False
Norwich Arts Centre,1,GIA,Grant in Aid,Band 1,True,False,False,False,False
Nottingham City Museums and Galleries,2,GIA,Grant in Aid,Band 2,False,False,False,False,False
Nottingham Contemporary,3,GIA,Grant in Aid,Band 3,True,False,False,False,False
Nottingham Media Centre Ltd,1,GIA,Grant in Aid,Band 1,True,False,False,False,False
Nottingham Playhouse,3,GIA,Grant in Aid,Band 3,True,False,False,False,False
November Club,1,GIA,Grant in Aid,Band 1,True,False,False,False,False
NTS Live,1,GIA,Grant in Aid,Band 1,False,False,False,False,False
Nutkhut,1,LOT,National Lottery,Band 1,True,False,False,False,False
Ockham's Razor,1,LOT,National Lottery,Band 1,True,False,False,False,False
Octopus Collective Ltd.,1,GIA,Grant in Aid,Band 1,True,False,False,False,False
Oily Cart,2,LOT,National Lottery,Band 2,True,False,False,False,False
Oldham Coliseum Theatre,2,GIA,Grant in Aid,Band 2,True,False,False,False,False
One Dance UK,SSO,GIA,Grant in Aid,Sector Support Organisation,False,False,False,False,False
Open Clasp Theatre Company,1,LOT,National Lottery,Band 1,True,False,False,False,False
Open Eye gallery,1,GIA,Grant in Aid,Band 1,True,False,False,False,False
Open School East,1,GIA,Grant in Aid,Band 1,False,False,False,False,False
Open Theatre Company,1,GIA,Grant in Aid,Band 1,False,False,False,False,False
OpenUp Music,1,GIA,Grant in Aid,Band 1,False,False,False,False,False
Opera North Limited,3,GIA,Grant in Aid,Band 3,True,False,False,False,False
Orchestra of the Age of Enlightenment,1,GIA,Grant in Aid,Band 1,True,False,False,False,False
Orchestras Live,2,GIA,Grant in Aid,Band 2,True,False,False,False,False
OTO Projects CIC,1,GIA,Grant in Aid,Band 1,True,False,False,False,False
Otolith Collective Ltd,1,GIA,Grant in Aid,Band 1,True,False,False,False,False
Out of Joint,2,LOT,National Lottery,Band 2,True,False,False,False,False
Outside In,1,LOT,National Lottery,Band 1,False,False,False,False,False
Oxford Contemporary Music,1,GIA,Grant in Aid,Band 1,True,False,False,False,False
Oxford Playhouse Trust,2,LOT,National Lottery,Band 2,True,False,False,False,False
Pagoda Arts,1,GIA,Grant in Aid,Band 1,True,False,False,False,False
Paines Plough,2,LOT,National Lottery,Band 2,True,False,False,False,False
Palace Theatre Watford Limited,2,GIA,Grant in Aid,Band 2,True,False,False,False,False
Pallant House Gallery,1,GIA,Grant in Aid,Band 1,True,False,False,False,False
Paraiso School of Samba,1,GIA,Grant in Aid,Band 1,True,False,False,False,False
Paraorchestra and Friends,1,GIA,Grant in Aid,Band 1,False,False,False,False,False
Pavilion Dance South West Ltd,2,GIA,Grant in Aid,Band 2,True,False,False,False,False
Peckham Platform Ltd,1,GIA,Grant in Aid,Band 1,True,False,False,False,False
Peepal Tree Press,1,GIA,Grant in Aid,Band 1,True,False,False,False,False
Peer UK,1,GIA,Grant in Aid,Band 1,True,False,False,False,False
Pegasus Theatre Trust,2,GIA,Grant in Aid,Band 2,True,False,False,False,False
Penned in the Margins,1,LOT,National Lottery,Band 1,True,False,False,False,False
Pentabus Arts Ltd,1,LOT,National Lottery,Band 1,True,False,False,False,False
People Express,1,GIA,Grant in Aid,Band 1,True,False,False,False,False
People United,1,GIA,Grant in Aid,Band 1,True,False,False,False,False
People's History Museum,2,GIA,Grant in Aid,Band 2,False,False,False,False,False
People's Palace Projects,1,GIA,Grant in Aid,Band 1,True,False,False,False,False
Perfect Pitch Musicals Ltd,1,GIA,Grant in Aid,Band 1,True,False,False,False,False
Performances Birmingham Limited,1,GIA,Grant in Aid,Band 1,True,False,False,False,False
Peshkar,1,GIA,Grant in Aid,Band 1,True,False,False,False,False
Philharmonia Limited,3,GIA,Grant in Aid,Band 3,True,False,False,False,False
Phoenix Dance Theatre,2,LOT,National Lottery,Band 2,True,False,False,False,False
Photofusion,1,GIA,Grant in Aid,Band 1,False,False,False,False,False
Photoworks,2,GIA,Grant in Aid,Band 2,True,False,False,False,False
Pilot Theatre Ltd,2,LOT,National Lottery,Band 2,True,False,False,False,False
Pioneer Theatres Ltd t/a Theatre Royal Stratford East,3,GIA,Grant in Aid,Band 3,True,False,False,False,False
Plymouth Culture,SSO,GIA,Grant in Aid,Sector Support Organisation,False,False,False,False,False
Plymouth Music Zone Ltd,1,GIA,Grant in Aid,Band 1,False,False,False,False,False
Pocklington Arts Centre,1,GIA,Grant in Aid,Band 1,False,False,False,False,False
PoemsOnTheUnderground,1,GIA,Grant in Aid,Band 1,True,False,False,False,False
Poet in the City,1,GIA,Grant in Aid,Band 1,True,False,False,False,False
Poetry London,1,GIA,Grant in Aid,Band 1,True,False,False,False,False
Poetry Translation Centre Ltd,1,GIA,Grant in Aid,Band 1,True,False,False,False,False
Polish Expats Association cic,1,GIA,Grant in Aid,Band 1,False,False,False,False,False
Polka Theatre,2,GIA,Grant in Aid,Band 2,True,False,False,False,False
Poole Arts Trust Ltd,2,GIA,Grant in Aid,Band 2,True,False,False,False,False
Pop Up Projects CIC,1,GIA,Grant in Aid,Band 1,True,False,False,False,False
PopUp Initiative CIC (The NewBridge Project),1,GIA,Grant in Aid,Band 1,False,False,False,False,False
Portsmouth New Theatre Royal,1,GIA,Grant in Aid,Band 1,True,False,False,False,False
Prema Arts Centre,1,GIA,Grant in Aid,Band 1,True,False,False,False,False
Preston City Council,1,GIA,Grant in Aid,Band 1,False,False,False,False,False
Primary,1,GIA,Grant in Aid,Band 1,False,False,False,False,False
Prime Theatre,1,LOT,National Lottery,Band 1,True,False,False,False,False
Prism Arts,1,LOT,National Lottery,Band 1,True,False,False,False,False
Project Art Works,1,GIA,Grant in Aid,Band 1,True,False,False,False,False
Project Phakama UK,1,GIA,Grant in Aid,Band 1,True,False,False,False,False
Project Space Leeds,2,GIA,Grant in Aid,Band 2,False,False,False,False,False
Protein Dance Ltd,1,LOT,National Lottery,Band 1,True,False,False,False,False
Proteus Theatre Company,1,LOT,National Lottery,Band 1,False,False,False,False,False
Psappha Limited,1,GIA,Grant in Aid,Band 1,True,False,False,False,False
PUNCH RECORDS,2,GIA,Grant in Aid,Band 2,True,False,False,False,False
Punchdrunk,1,GIA,Grant in Aid,Band 1,True,False,False,False,False
Quarantine,1,GIA,Grant in Aid,Band 1,True,False,False,False,False
Queen's Hall Arts,1,GIA,Grant in Aid,Band 1,True,False,False,False,False
Rambert,3,LOT,National Lottery,Band 3,True,False,False,False,False
Raw Material Music and Media Education,1,LOT,National Lottery,Band 1,True,False,False,False,False
Re:Bourne,3,LOT,National Lottery,Band 3,True,False,False,False,False
Readipop,1,GIA,Grant in Aid,Band 1,False,False,False,False,False
Real Ideas Organisation CIC,SSO,LOT,National Lottery,Sector Support Organisation,True,True,False,False,False
Real Ideas Organisation CIC,1,GIA,Grant in Aid,Band 1,False,False,False,False,False
Red Earth Theatre Limited,1,LOT,National Lottery,Band 1,True,False,False,False,False
Red Ladder Theatre Company,1,LOT,National Lottery,Band 1,False,False,False,False,False
Redbridge Drama Centre,1,LOT,National Lottery,Band 1,True,False,False,False,False
Redeye (North West Photography Network) Ltd,SSO,GIA,Grant in Aid,Sector Support Organisation,True,False,False,False,False
Resonance,1,GIA,Grant in Aid,Band 1,True,False,False,False,False
Rich Mix Cultural Foundation,2,GIA,Grant in Aid,Band 2,True,False,False,False,False
Rifco Arts,2,LOT,National Lottery,Band 2,True,False,False,False,False
Ripon Museum Trust,1,GIA,Grant in Aid,Band 1,False,False,False,False,False
RJC Dance,1,GIA,Grant in Aid,Band 1,True,False,False,False,False
Rosehill Arts Trust,1,GIA,Grant in Aid,Band 1,True,False,False,False,False
Roses Theatre Trust,1,GIA,Grant in Aid,Band 1,True,False,False,False,False
Rosetta Art Centre,1,GIA,Grant in Aid,Band 1,False,False,False,False,False
Rosie Kay Dance Company,1,GIA,Grant in Aid,Band 1,False,False,False,False,False
Rotherham Open Arts Renaissance (ROAR),1,GIA,Grant in Aid,Band 1,True,False,False,False,False
Royal Court Liverpool Trust,1,GIA,Grant in Aid,Band 1,False,False,False,False,False
Royal Exchange Theatre Company Ltd,3,GIA,Grant in Aid,Band 3,True,False,False,False,False
Royal Liverpool Philharmonic,3,GIA,Grant in Aid,Band 3,True,False,False,False,False
Royal Opera House,3,GIA,Grant in Aid,Band 3,True,False,False,False,False
Royal Opera House,SSO,LOT,National Lottery,Sector Support Organisation,True,True,False,False,False
Royal Philharmonic Orchestra Ltd,2,GIA,Grant in Aid,Band 2,True,False,False,False,False
Royal Shakespeare Company,3,GIA,Grant in Aid,Band 3,True,False,False,False,False
RTYDS Ltd,SSO,GIA,Grant in Aid,Sector Support Organisation,False,False,False,False,False
Rural Arts North Yorkshire,1,LOT,National Lottery,Band 1,True,False,False,False,False
Rural Media Charity,1,GIA,Grant in Aid,Band 1,False,False,False,False,False
Russell Maliphant Company,1,GIA,Grant in Aid,Band 1,False,False,False,False,False
Sadler's Wells,3,LOT,National Lottery,Band 3,True,False,False,False,False
Salisbury Arts Theatre Ltd,3,GIA,Grant in Aid,Band 3,True,False,True,False,False
Sampad (South Asian Arts Development),1,GIA,Grant in Aid,Band 1,True,False,False,False,False
Scarborough Theatre Trust Ltd,2,GIA,Grant in Aid,Band 2,True,False,False,False,False
Serendipity,1,GIA,Grant in Aid,Band 1,False,False,False,False,False
Serious Events Limited,2,GIA,Grant in Aid,Band 2,True,False,False,False,False
Serpentine Galleries,3,GIA,Grant in Aid,Band 3,True,False,False,False,False
"Seven Stories, The National Centre for Children's Books",2,GIA,Grant in Aid,Band 2,True,False,False,False,False
Shademakers UK Carnival Club,1,LOT,National Lottery,Band 1,True,False,False,False,False
Shakespeare Birthplace Trust,1,GIA,Grant in Aid,Band 1,False,False,False,False,False
Shape London,2,GIA,Grant in Aid,Band 2,True,False,False,False,False
Sheffield Doc/Fest,1,LOT,National Lottery,Band 1,False,False,False,False,False
Sheffield Galleries & Museums Trust,2,GIA,Grant in Aid,Band 2,True,False,False,False,False
Sheffield Theatres Trust Ltd,3,GIA,Grant in Aid,Band 3,True,False,False,False,False
Shobana Jeyasingh Dance Company,2,LOT,National Lottery,Band 2,True,False,False,False,False
Shubbak: A Window on Contemporary Arab Culture,1,LOT,National Lottery,Band 1,False,False,False,False,False
SICK! Productions,1,GIA,Grant in Aid,Band 1,False,False,False,False,False
Sinfonietta Productions Limited,2,LOT,National Lottery,Band 2,True,False,False,False,False
Siobhan Davies Dance,2,GIA,Grant in Aid,Band 2,True,False,False,False,False
Site Gallery,2,GIA,Grant in Aid,Band 2,True,False,False,False,False
Slung Low Limited,1,GIA,Grant in Aid,Band 1,True,False,False,False,False
Small Green Shoots,1,GIA,Grant in Aid,Band 1,True,False,False,False,False
Snape Maltings,3,GIA,Grant in Aid,Band 3,True,False,False,False,False
Society Of Chief Librarians,SSO,GIA,Grant in Aid,Sector Support Organisation,False,False,False,False,False
Soft Touch Arts Ltd,1,GIA,Grant in Aid,Band 1,True,False,False,False,False
Soho Theatre Company,2,GIA,Grant in Aid,Band 2,True,False,False,False,False
Somerset Art Works,1,GIA,Grant in Aid,Band 1,False,False,False,False,False
Somerset Film and Video Ltd,1,GIA,Grant in Aid,Band 1,True,False,False,False,False
Sonia Sabri Company,1,GIA,Grant in Aid,Band 1,True,False,False,False,False
Sound UK Arts,1,GIA,Grant in Aid,Band 1,True,False,False,False,False
SoundCity,1,GIA,Grant in Aid,Band 1,False,False,False,False,False
South Asian Arts-uk,1,GIA,Grant in Aid,Band 1,True,False,False,False,False
South East Dance Ltd,2,GIA,Grant in Aid,Band 2,True,False,False,False,False
South East Museum Development Programme,SSO,GIA,Grant in Aid,Sector Support Organisation,True,False,False,False,True
South London Gallery,2,GIA,Grant in Aid,Band 2,True,False,False,False,False
South West Museum Development,SSO,GIA,Grant in Aid,Sector Support Organisation,True,False,False,False,True
Southampton City Council,1,GIA,Grant in Aid,Band 1,False,False,False,False,False
Southbank Centre,3,GIA,Grant in Aid,Band 3,True,False,False,True,False
Spare Tyre Theatre Company Ltd,1,GIA,Grant in Aid,Band 1,True,False,False,False,False
Spike Island Artspace Ltd,2,LOT,National Lottery,Band 2,True,False,False,False,False
Spitalfields Festival Ltd.,1,GIA,Grant in Aid,Band 1,True,False,False,False,False
Spread the Word,1,GIA,Grant in Aid,Band 1,True,False,False,False,False
Square Chapel Trust,1,GIA,Grant in Aid,Band 1,True,False,False,False,False
ss Great Britain Trust,1,GIA,Grant in Aid,Band 1,False,False,False,False,False
St Helens Council Library Service,1,GIA,Grant in Aid,Band 1,False,False,False,False,False
St Pauls Carnival (Bristol) CIC,1,GIA,Grant in Aid,Band 1,False,False,False,False,False
Stagetext,SSO,GIA,Grant in Aid,Sector Support Organisation,True,False,False,False,False
Stanley Picker Gallery,1,GIA,Grant in Aid,Band 1,True,False,False,False,False
Stan's Cafe,1,LOT,National Lottery,Band 1,True,False,False,False,False
Stockton Arts Centre Ltd,2,GIA,Grant in Aid,Band 2,True,False,False,False,False
Stockton Borough Council Tees Valley Museum Group,2,GIA,Grant in Aid,Band 2,False,False,False,False,False
Stockton International Riverside Festival,2,GIA,Grant in Aid,Band 2,True,False,False,False,False
Stoke on Trent & North Staffordshire Theatre Trust,2,GIA,Grant in Aid,Band 2,True,False,False,False,False
Stopgap Dance Company,2,LOT,National Lottery,Band 2,True,False,False,False,False
Stratford Circus,2,GIA,Grant in Aid,Band 2,True,False,False,False,False
Streetwise Opera,1,GIA,Grant in Aid,Band 1,True,False,False,False,False
Strike A Light,1,GIA,Grant in Aid,Band 1,False,False,False,False,False
Stroud Valleys Artspace,1,GIA,Grant in Aid,Band 1,True,False,False,False,False
Studio 3 Arts,1,GIA,Grant in Aid,Band 1,True,False,False,False,False
Studio Voltaire,1,GIA,Grant in Aid,Band 1,True,False,False,False,False
Studio Wayne McGregor,2,GIA,Grant in Aid,Band 2,True,False,False,False,False
Suffolk Libraries,1,GIA,Grant in Aid,Band 1,False,False,False,False,False
Sunderland Culture,2,GIA,Grant in Aid,Band 2,False,False,False,False,False
Sunshine International Arts,1,GIA,Grant in Aid,Band 1,True,False,False,False,False
Swindon Dance,1,GIA,Grant in Aid,Band 1,True,False,False,False,False
Take A Part CIC,1,GIA,Grant in Aid,Band 1,False,False,False,False,False
Take Art Limited,1,LOT,National Lottery,Band 1,True,False,False,False,False
Talawa Theatre Company Ltd,2,LOT,National Lottery,Band 2,True,False,False,False,False
Talking Birds Theatre Company Limited,1,GIA,Grant in Aid,Band 1,True,False,False,False,False
Tamasha Theatre Company,2,GIA,Grant in Aid,Band 2,True,False,False,False,False
Tangle Ltd,1,GIA,Grant in Aid,Band 1,True,False,False,False,False
Tangled Feet,1,LOT,National Lottery,Band 1,False,False,False,False,False
Tara Arts,1,GIA,Grant in Aid,Band 1,True,False,False,False,False
Tavaziva Dance,1,LOT,National Lottery,Band 1,True,False,False,False,False
Teesside University,2,GIA,Grant in Aid,Band 2,True,False,False,False,False
Tete a Tete,1,GIA,Grant in Aid,Band 1,True,False,False,False,False
Thackray Medical Museum,1,GIA,Grant in Aid,Band 1,False,False,False,False,False
Thames Festival Trust,1,GIA,Grant in Aid,Band 1,True,False,False,False,False
the Albany,1,GIA,Grant in Aid,Band 1,True,False,False,False,False
the Albany,SSO,GIA,Grant in Aid,Sector Support Organisation,False,False,False,False,False
The Alternative Theatre Company Ltd.,2,GIA,Grant in Aid,Band 2,True,False,False,False,False
The Anvil Trust Ltd,1,GIA,Grant in Aid,Band 1,True,False,False,False,False
The Artangel Trust,2,GIA,Grant in Aid,Band 2,True,False,False,False,False
The Arts Depot Trust Ltd,2,GIA,Grant in Aid,Band 2,True,False,False,False,False
The Ashton Group Theatre,1,LOT,National Lottery,Band 1,True,False,False,False,False
The Audience Agency,SSO,GIA,Grant in Aid,Sector Support Organisation,False,False,False,False,False
The Bike Shed Theatre,1,GIA,Grant in Aid,Band 1,True,False,False,False,False
The Bluecoat,2,GIA,Grant in Aid,Band 2,True,False,False,False,False
The Bowes Museum,2,GIA,Grant in Aid,Band 2,False,False,False,False,False
The Bronte Society,1,GIA,Grant in Aid,Band 1,False,False,False,False,False
The Children's Bookshow,1,LOT,National Lottery,Band 1,True,False,False,False,False
The Courtyard Trust,1,GIA,Grant in Aid,Band 1,True,False,False,False,False
The Creative Art House,1,GIA,Grant in Aid,Band 1,True,False,False,False,False
The Customs House,1,GIA,Grant in Aid,Band 1,True,False,False,False,False
The DanceXchange Limited,2,GIA,Grant in Aid,Band 2,True,False,False,False,False
The Devon Guild of Craftsmen,1,GIA,Grant in Aid,Band 1,True,False,False,False,False
The Dukes Playhouse Ltd,2,GIA,Grant in Aid,Band 2,True,False,False,False,False
The Forge,1,GIA,Grant in Aid,Band 1,True,False,False,False,False
The Gate Theatre Company Ltd,2,GIA,Grant in Aid,Band 2,True,False,False,False,False
The Geffrye Museum,1,GIA,Grant in Aid,Band 1,False,False,False,False,False
The Hall For Cornwall Trust,2,GIA,Grant in Aid,Band 2,True,False,False,False,False
The Hepworth Wakefield Trust,2,GIA,Grant in Aid,Band 2,True,False,False,False,False
The Lawnmowers Independent Theatre Company,1,GIA,Grant in Aid,Band 1,True,False,False,False,False
The Literary Consultancy,1,GIA,Grant in Aid,Band 1,True,False,False,False,False
The Lowry Centre Trust,2,GIA,Grant in Aid,Band 2,True,False,False,False,False
The Lyric Theatre Hammersmith Limited,3,GIA,Grant in Aid,Band 3,True,False,False,False,False
The Maltings Berwick Trust Limited,1,GIA,Grant in Aid,Band 1,True,False,False,False,False
The Met,1,GIA,Grant in Aid,Band 1,True,False,False,False,False
The Midi Music Company,1,GIA,Grant in Aid,Band 1,True,False,False,False,False
The Mighty Creatives,SSO,LOT,National Lottery,Sector Support Organisation,True,True,False,False,False
The Ministry of Stories,1,GIA,Grant in Aid,Band 1,True,False,False,False,False
The National Holocaust Centre and Museum,2,GIA,Grant in Aid,Band 2,False,False,False,False,False
The National Youth Brass Band of Great Britain,1,GIA,Grant in Aid,Band 1,True,False,False,True,False
The New Carnival Company CIC,1,GIA,Grant in Aid,Band 1,True,False,False,False,False
The Octagon Theatre Trust,2,GIA,Grant in Aid,Band 2,True,False,False,False,False
The Organisation for New Music and Sound,2,GIA,Grant in Aid,Band 2,True,False,False,False,False
The Photographers' Gallery,2,GIA,Grant in Aid,Band 2,True,False,False,False,False
The Poetry Archive,1,GIA,Grant in Aid,Band 1,True,False,False,False,False
The Poetry School,1,GIA,Grant in Aid,Band 1,True,False,False,False,False
The Poetry Society,2,GIA,Grant in Aid,Band 2,True,False,False,False,False
The Point,1,GIA,Grant in Aid,Band 1,True,False,False,False,False
The Pound Arts Trust Ltd,1,GIA,Grant in Aid,Band 1,True,False,False,False,False
The Reader,1,GIA,Grant in Aid,Band 1,False,False,False,False,False
The Reading Agency,2,GIA,Grant in Aid,Band 2,True,False,False,False,False
The Robert Pacitti Company Ltd,2,GIA,Grant in Aid,Band 2,True,False,False,False,False
The Roundhouse Trust,2,GIA,Grant in Aid,Band 2,True,False,False,False,False
The Seachange Trust,2,GIA,Grant in Aid,Band 2,True,False,False,False,False
The Showroom,1,GIA,Grant in Aid,Band 1,True,False,False,False,False
The Southampton Nuffield Theatre Trust,2,GIA,Grant in Aid,Band 2,True,False,False,False,False
The Spark Arts for Children,1,GIA,Grant in Aid,Band 1,True,False,False,False,False
The Spring Arts & Heritage Centre,1,GIA,Grant in Aid,Band 1,False,False,False,False,False
The Story Museum,1,GIA,Grant in Aid,Band 1,False,False,False,False,False
The Tank Museum,1,GIA,Grant in Aid,Band 1,False,False,False,False,False
The Theatre Orchard,1,GIA,Grant in Aid,Band 1,False,False,False,False,False
The Wigmore Hall Trust,2,GIA,Grant in Aid,Band 2,True,False,False,False,False
The Writing Squad,1,GIA,Grant in Aid,Band 1,True,False,False,False,False
The Yard Theatre Ltd.,1,GIA,Grant in Aid,Band 1,False,False,False,False,False
The York Early Music Foundation,2,GIA,Grant in Aid,Band 2,True,False,False,False,False
Theatre Alibi,1,LOT,National Lottery,Band 1,True,False,False,False,False
Theatre Bristol Ltd,1,GIA,Grant in Aid,Band 1,True,False,False,False,False
Theatre Centre,1,GIA,Grant in Aid,Band 1,True,False,False,False,False
Theatre de Complicite Education Ltd,2,GIA,Grant in Aid,Band 2,True,False,False,False,False
Theatre Hullabaloo,2,GIA,Grant in Aid,Band 2,True,False,False,False,False
Theatre in the Mill,1,GIA,Grant in Aid,Band 1,True,False,False,False,False
Theatre Peckham,1,GIA,Grant in Aid,Band 1,True,False,False,False,False
Theatre Royal (Plymouth) Ltd,3,GIA,Grant in Aid,Band 3,True,False,False,False,False
Theatre-Rites,1,GIA,Grant in Aid,Band 1,True,False,False,False,False
Third Angel,1,LOT,National Lottery,Band 1,True,False,False,False,False
Threshold Studios,1,GIA,Grant in Aid,Band 1,True,False,False,False,False
Tiata Fahodzi Ltd,1,GIA,Grant in Aid,Band 1,True,False,False,False,False
TIN Arts,1,GIA,Grant in Aid,Band 1,True,False,False,False,False
Tobacco Factory Theatres,1,GIA,Grant in Aid,Band 1,True,False,False,False,False
Together! 2012 CIC,1,GIA,Grant in Aid,Band 1,False,False,False,False,False
Told by an Idiot,1,GIA,Grant in Aid,Band 1,True,False,False,False,False
Tom Dale Company,1,LOT,National Lottery,Band 1,False,False,False,False,False
Tomorrow's Warriors Ltd,1,GIA,Grant in Aid,Band 1,True,False,False,False,False
Towner Art Gallery,2,GIA,Grant in Aid,Band 2,True,False,False,False,False
Travaux Sauvages Ltd t/a Wildworks,1,LOT,National Lottery,Band 1,True,False,False,False,False
Travelling Light Theatre Company,1,LOT,National Lottery,Band 1,True,False,False,False,False
Triangle Arts Trust,2,GIA,Grant in Aid,Band 2,True,False,False,False,False
Tricycle Theatre,2,GIA,Grant in Aid,Band 2,True,False,False,False,False
Tullie House Museum and Art Gallery,3,GIA,Grant in Aid,Band 3,True,False,True,False,False
Turner Contemporary,2,GIA,Grant in Aid,Band 2,True,False,False,False,False
"Turner Sims, Southampton",1,GIA,Grant in Aid,Band 1,True,False,False,False,False
tutti frutti productions,1,GIA,Grant in Aid,Band 1,True,False,False,False,False
Tyne & Wear Archives & Museums,SSO,GIA,Grant in Aid,Sector Support Organisation,True,False,False,False,True
Tyne & Wear Archives & Museums,SSO,LOT,National Lottery,Sector Support Organisation,True,True,False,False,False
Tyne & Wear Archives & Museums,3,GIA,Grant in Aid,Band 3,True,False,False,False,False
Tyneside Cinema,1,GIA,Grant in Aid,Band 1,True,False,False,False,False
UK Young Artists,1,GIA,Grant in Aid,Band 1,False,False,False,False,False
Unfolding Theatre,1,LOT,National Lottery,Band 1,False,False,False,False,False
Unicorn Theatre (Caryl Jenner Productions),3,GIA,Grant in Aid,Band 3,True,False,False,False,False
Unity Theatre,2,GIA,Grant in Aid,Band 2,True,False,False,False,False
University of Cambridge Museums,3,GIA,Grant in Aid,Band 3,True,False,False,True,False
University of Derby Theatre limited,2,GIA,Grant in Aid,Band 2,True,False,False,False,False
"University of Leicester, Attenborough Arts Centre",1,GIA,Grant in Aid,Band 1,True,False,False,False,False
University of Oxford,3,GIA,Grant in Aid,Band 3,True,False,False,False,False
University of the Arts London – Afterall,1,GIA,Grant in Aid,Band 1,True,False,False,False,False
University of the Arts London (trading as Artquest),SSO,GIA,Grant in Aid,Sector Support Organisation,True,False,False,False,False
University of Warwick,2,GIA,Grant in Aid,Band 2,True,False,False,False,False
Unlimited Theatre,1,GIA,Grant in Aid,Band 1,True,False,False,False,False
UP Projects,1,GIA,Grant in Aid,Band 1,True,False,False,False,False
Upswing Aerial Limited,1,LOT,National Lottery,Band 1,True,False,False,False,False
Urban Development Ltd,1,GIA,Grant in Aid,Band 1,True,False,False,False,False
Vamos Theatre Company,1,LOT,National Lottery,Band 1,False,False,False,False,False
Vane Contemporary Art Limited,1,GIA,Grant in Aid,Band 1,True,False,False,False,False
Venture Arts,1,GIA,Grant in Aid,Band 1,False,False,False,False,False
Vincent Dance Theatre,1,GIA,Grant in Aid,Band 1,True,False,False,False,False
Vital Xposure,1,LOT,National Lottery,Band 1,True,False,False,False,False
Viva Chamber Orchestra Ltd,1,GIA,Grant in Aid,Band 1,True,False,False,False,False
Vivid Projects,1,LOT,National Lottery,Band 1,False,False,False,False,False
VocalEyes,SSO,GIA,Grant in Aid,Sector Support Organisation,True,False,False,False,False
Voluntary Arts Network,SSO,GIA,Grant in Aid,Sector Support Organisation,True,False,False,False,False
Wakefield Council – Museums,1,GIA,Grant in Aid,Band 1,False,False,False,False,False
Walk The Plank,1,GIA,Grant in Aid,Band 1,True,False,False,False,False
Walsall Council,2,GIA,Grant in Aid,Band 2,True,False,False,False,False
Wasafiri Ltd,1,GIA,Grant in Aid,Band 1,True,False,False,False,False
Watermill Theatre,2,LOT,National Lottery,Band 2,True,False,False,False,False
Watershed Arts Trust Ltd,2,GIA,Grant in Aid,Band 2,True,False,False,False,False
Waterside Artists Co-operative Limited,1,GIA,Grant in Aid,Band 1,True,False,False,False,False
Watts Gallery Trust,1,GIA,Grant in Aid,Band 1,False,False,False,False,False
Wavendon Allmusic Plan Ltd,2,GIA,Grant in Aid,Band 2,True,False,False,False,False
Welsh National Opera,3,LOT,National Lottery,Band 3,True,False,False,False,False
West Yorkshire Print Workshop,1,GIA,Grant in Aid,Band 1,True,False,False,False,False
Whitechapel Gallery,3,GIA,Grant in Aid,Band 3,True,False,False,False,False
Whitstable Biennale,1,GIA,Grant in Aid,Band 1,False,False,False,False,False
Wiltshire Music Centre Trust Ltd,1,GIA,Grant in Aid,Band 1,True,False,False,False,False
Wired Aerial Theatre Ltd,1,LOT,National Lottery,Band 1,True,False,False,False,False
Wise Children,2,LOT,National Lottery,Band 2,False,False,False,False,False
Without Walls,3,LOT,National Lottery,Band 3,False,False,False,False,False
Wolverhampton City Council,1,GIA,Grant in Aid,Band 1,True,False,False,False,False
Woodhorn Charitable Trust,1,GIA,Grant in Aid,Band 1,False,False,False,False,False
Workplace Foundation,1,GIA,Grant in Aid,Band 1,True,False,False,False,False
World Heart Beat Music Academy,1,GIA,Grant in Aid,Band 1,False,False,False,False,False
Writers' Centre Norwich,2,GIA,Grant in Aid,Band 2,True,False,False,False,False
Writing East Midlands,1,GIA,Grant in Aid,Band 1,True,False,False,False,False
Writing on the Wall,1,GIA,Grant in Aid,Band 1,True,False,False,False,False
Writing West Midlands,1,GIA,Grant in Aid,Band 1,True,False,False,False,False
Wysing Arts Centre,2,GIA,Grant in Aid,Band 2,True,False,False,False,False
Yaram Arts CIC,1,LOT,National Lottery,Band 1,True,False,False,False,False
Yellow Earth Theatre Company,1,GIA,Grant in Aid,Band 1,False,False,False,False,False
York Citizen's Theatre Trust,2,GIA,Grant in Aid,Band 2,True,False,False,False,False
York Museums Trust,SSO,GIA,Grant in Aid,Sector Support Organisation,True,False,False,False,True
York Museums Trust,3,GIA,Grant in Aid,Band 3,True,False,False,False,False
Yorkshire Artspace Society Ltd,1,GIA,Grant in Aid,Band 1,True,False,False,False,False
Yorkshire Dance Centre Trust,2,GIA,Grant in Aid,Band 2,True,False,False,False,False
Yorkshire Sculpture Park,3,GIA,Grant in Aid,Band 3,True,False,False,False,False
Young Vic Company,3,GIA,Grant in Aid,Band 3,True,False,False,False,False
Youth Music Theatre UK,1,LOT,National Lottery,Band 1,True,False,False,True,False
Z-arts,2,LOT,National Lottery,Band 2,False,False,False,False,False
ZENDEH Productions,1,LOT,National Lottery,Band 1,True,False,False,False,False
ZoieLogic Dance Theatre,1,GIA,Grant in Aid,Band 1,False,False,False,False,False
ZooNation Ltd,1,LOT,National Lottery,Band 1,False,False,False,False,False
